<?xml version="1.0" encoding="UTF-8"?>
<office:document-content xmlns:office="urn:oasis:names:tc:opendocument:xmlns:office:1.0" xmlns:style="urn:oasis:names:tc:opendocument:xmlns:style:1.0" xmlns:text="urn:oasis:names:tc:opendocument:xmlns:text:1.0" xmlns:table="urn:oasis:names:tc:opendocument:xmlns:table:1.0" xmlns:draw="urn:oasis:names:tc:opendocument:xmlns:drawing:1.0" xmlns:fo="urn:oasis:names:tc:opendocument:xmlns:xsl-fo-compatible:1.0" xmlns:xlink="http://www.w3.org/1999/xlink" xmlns:dc="http://purl.org/dc/elements/1.1/" xmlns:meta="urn:oasis:names:tc:opendocument:xmlns:meta:1.0" xmlns:number="urn:oasis:names:tc:opendocument:xmlns:datastyle:1.0" xmlns:presentation="urn:oasis:names:tc:opendocument:xmlns:presentation:1.0" xmlns:svg="urn:oasis:names:tc:opendocument:xmlns:svg-compatible:1.0" xmlns:chart="urn:oasis:names:tc:opendocument:xmlns:chart:1.0" xmlns:dr3d="urn:oasis:names:tc:opendocument:xmlns:dr3d:1.0" xmlns:math="http://www.w3.org/1998/Math/MathML" xmlns:form="urn:oasis:names:tc:opendocument:xmlns:form:1.0" xmlns:script="urn:oasis:names:tc:opendocument:xmlns:script:1.0" xmlns:ooo="http://openoffice.org/2004/office" xmlns:ooow="http://openoffice.org/2004/writer" xmlns:oooc="http://openoffice.org/2004/calc" xmlns:dom="http://www.w3.org/2001/xml-events" xmlns:xforms="http://www.w3.org/2002/xforms" xmlns:xsd="http://www.w3.org/2001/XMLSchema" xmlns:xsi="http://www.w3.org/2001/XMLSchema-instance" xmlns:rpt="http://openoffice.org/2005/report" xmlns:of="urn:oasis:names:tc:opendocument:xmlns:of:1.2" xmlns:xhtml="http://www.w3.org/1999/xhtml" xmlns:grddl="http://www.w3.org/2003/g/data-view#" xmlns:tableooo="http://openoffice.org/2009/table" xmlns:drawooo="http://openoffice.org/2010/draw" xmlns:calcext="urn:org:documentfoundation:names:experimental:calc:xmlns:calcext:1.0" xmlns:loext="urn:org:documentfoundation:names:experimental:office:xmlns:loext:1.0" xmlns:field="urn:openoffice:names:experimental:ooo-ms-interop:xmlns:field:1.0" xmlns:formx="urn:openoffice:names:experimental:ooxml-odf-interop:xmlns:form:1.0" xmlns:css3t="http://www.w3.org/TR/css3-text/" office:version="1.2"><office:scripts/><office:font-face-decls><style:font-face style:name="Arial" svg:font-family="Arial"/><style:font-face style:name="Cambria" svg:font-family="Cambria"/><style:font-face style:name="Liberation Sans" svg:font-family="&apos;Liberation Sans&apos;" style:font-family-generic="swiss" style:font-pitch="variable"/><style:font-face style:name="DejaVu Sans" svg:font-family="&apos;DejaVu Sans&apos;" style:font-family-generic="system" style:font-pitch="variable"/><style:font-face style:name="Linux Libertine G" svg:font-family="&apos;Linux Libertine G&apos;" style:font-family-generic="system" style:font-pitch="variable"/></office:font-face-decls><office:automatic-styles><style:style style:name="co1" style:family="table-column"><style:table-column-properties fo:break-before="auto" style:column-width="53.21pt"/></style:style><style:style style:name="co2" style:family="table-column"><style:table-column-properties fo:break-before="auto" style:column-width="24.6pt"/></style:style><style:style style:name="co3" style:family="table-column"><style:table-column-properties fo:break-before="auto" style:column-width="27.01pt"/></style:style><style:style style:name="co4" style:family="table-column"><style:table-column-properties fo:break-before="auto" style:column-width="80.16pt"/></style:style><style:style style:name="ro1" style:family="table-row"><style:table-row-properties style:row-height="15.76pt" fo:break-before="auto" style:use-optimal-row-height="true"/></style:style><style:style style:name="ro2" style:family="table-row"><style:table-row-properties style:row-height="15.76pt" fo:break-before="auto" style:use-optimal-row-height="false"/></style:style><style:style style:name="ta1" style:family="table" style:master-page-name="PageStyle_5f_Sheet1"><style:table-properties table:display="true" style:writing-mode="lr-tb"/></style:style><style:style style:name="ce1" style:family="table-cell" style:parent-style-name="Default"><style:table-cell-properties style:rotation-align="none"/><style:text-properties style:use-window-font-color="true" style:text-outline="false" style:text-line-through-style="none" style:text-line-through-type="none" style:font-name="Cambria" fo:font-size="11pt" fo:font-style="normal" fo:text-shadow="none" style:text-underline-style="none" fo:font-weight="normal" style:font-size-asian="11pt" style:font-style-asian="normal" style:font-weight-asian="normal" style:font-size-complex="11pt" style:font-style-complex="normal" style:font-weight-complex="normal"/></style:style><style:style style:name="ce2" style:family="table-cell" style:parent-style-name="Default"><style:table-cell-properties fo:background-color="#666666" style:text-align-source="value-type" style:repeat-content="false" fo:wrap-option="no-wrap" style:direction="ltr" style:rotation-angle="0" style:rotation-align="none" style:shrink-to-fit="false" style:vertical-align="bottom" loext:vertical-justify="auto"/><style:paragraph-properties css3t:text-justify="auto" fo:margin-left="0pt" style:writing-mode="page"/><style:text-properties fo:color="#ffffff" style:text-outline="false" style:text-line-through-style="none" style:text-line-through-type="none" style:font-name="Cambria" fo:font-size="11pt" fo:font-style="normal" fo:text-shadow="none" style:text-underline-style="none" fo:font-weight="normal" style:font-size-asian="11pt" style:font-style-asian="normal" style:font-weight-asian="normal" style:font-size-complex="11pt" style:font-style-complex="normal" style:font-weight-complex="normal"/></style:style><style:style style:name="ce3" style:family="table-cell" style:parent-style-name="Default"><style:table-cell-properties fo:border-bottom="0.74pt solid #000000" fo:background-color="#666666" style:diagonal-bl-tr="none" style:diagonal-tl-br="none" style:text-align-source="value-type" style:repeat-content="false" fo:wrap-option="no-wrap" fo:border-left="none" style:direction="ltr" fo:border-right="none" style:rotation-angle="0" style:rotation-align="none" style:shrink-to-fit="false" fo:border-top="none" style:vertical-align="bottom" loext:vertical-justify="auto"/><style:paragraph-properties css3t:text-justify="auto" fo:margin-left="0pt" style:writing-mode="page"/><style:text-properties fo:color="#ffffff" style:text-outline="false" style:text-line-through-style="none" style:text-line-through-type="none" style:font-name="Cambria" fo:font-size="11pt" fo:font-style="normal" fo:text-shadow="none" style:text-underline-style="none" fo:font-weight="normal" style:font-size-asian="11pt" style:font-style-asian="normal" style:font-weight-asian="normal" style:font-size-complex="11pt" style:font-style-complex="normal" style:font-weight-complex="normal"/></style:style><style:style style:name="ce4" style:family="table-cell" style:parent-style-name="Default"><style:table-cell-properties fo:border-bottom="none" fo:background-color="#efefef" style:diagonal-bl-tr="none" style:diagonal-tl-br="none" style:text-align-source="fix" style:repeat-content="false" fo:wrap-option="no-wrap" fo:border-left="none" style:direction="ltr" fo:border-right="none" style:rotation-angle="0" style:rotation-align="none" style:shrink-to-fit="false" fo:border-top="0.74pt solid #000000" style:vertical-align="bottom" loext:vertical-justify="auto"/><style:paragraph-properties fo:text-align="center" css3t:text-justify="auto" fo:margin-left="0pt" style:writing-mode="page"/><style:text-properties style:use-window-font-color="true" style:text-outline="false" style:text-line-through-style="none" style:text-line-through-type="none" style:font-name="Cambria" fo:font-size="11pt" fo:font-style="normal" fo:text-shadow="none" style:text-underline-style="none" fo:font-weight="normal" style:font-size-asian="11pt" style:font-style-asian="normal" style:font-weight-asian="normal" style:font-size-complex="11pt" style:font-style-complex="normal" style:font-weight-complex="normal"/></style:style><style:style style:name="ce5" style:family="table-cell" style:parent-style-name="Default"><style:table-cell-properties style:text-align-source="fix" style:repeat-content="false" fo:wrap-option="no-wrap" style:direction="ltr" style:rotation-angle="0" style:rotation-align="none" style:shrink-to-fit="false" style:vertical-align="bottom" loext:vertical-justify="auto"/><style:paragraph-properties fo:text-align="center" css3t:text-justify="auto" fo:margin-left="0pt" style:writing-mode="page"/><style:text-properties style:use-window-font-color="true" style:text-outline="false" style:text-line-through-style="none" style:text-line-through-type="none" style:font-name="Cambria" fo:font-size="11pt" fo:font-style="normal" fo:text-shadow="none" style:text-underline-style="none" fo:font-weight="normal" style:font-size-asian="11pt" style:font-style-asian="normal" style:font-weight-asian="normal" style:font-size-complex="11pt" style:font-style-complex="normal" style:font-weight-complex="normal"/></style:style><style:style style:name="ce6" style:family="table-cell" style:parent-style-name="Default"><style:table-cell-properties fo:border-bottom="0.74pt solid #000000" style:diagonal-bl-tr="none" style:diagonal-tl-br="none" style:text-align-source="fix" style:repeat-content="false" fo:wrap-option="no-wrap" fo:border-left="none" style:direction="ltr" fo:border-right="none" style:rotation-angle="0" style:rotation-align="none" style:shrink-to-fit="false" fo:border-top="none" style:vertical-align="bottom" loext:vertical-justify="auto"/><style:paragraph-properties fo:text-align="center" css3t:text-justify="auto" fo:margin-left="0pt" style:writing-mode="page"/><style:text-properties style:use-window-font-color="true" style:text-outline="false" style:text-line-through-style="none" style:text-line-through-type="none" style:font-name="Cambria" fo:font-size="11pt" fo:font-style="normal" fo:text-shadow="none" style:text-underline-style="none" fo:font-weight="normal" style:font-size-asian="11pt" style:font-style-asian="normal" style:font-weight-asian="normal" style:font-size-complex="11pt" style:font-style-complex="normal" style:font-weight-complex="normal"/></style:style><style:style style:name="ce7" style:family="table-cell" style:parent-style-name="Default"><style:table-cell-properties fo:background-color="#efefef" style:text-align-source="fix" style:repeat-content="false" fo:wrap-option="no-wrap" style:direction="ltr" style:rotation-angle="0" style:rotation-align="none" style:shrink-to-fit="false" style:vertical-align="bottom" loext:vertical-justify="auto"/><style:paragraph-properties fo:text-align="center" css3t:text-justify="auto" fo:margin-left="0pt" style:writing-mode="page"/><style:text-properties style:use-window-font-color="true" style:text-outline="false" style:text-line-through-style="none" style:text-line-through-type="none" style:font-name="Cambria" fo:font-size="11pt" fo:font-style="normal" fo:text-shadow="none" style:text-underline-style="none" fo:font-weight="normal" style:font-size-asian="11pt" style:font-style-asian="normal" style:font-weight-asian="normal" style:font-size-complex="11pt" style:font-style-complex="normal" style:font-weight-complex="normal"/></style:style><style:style style:name="ce8" style:family="table-cell" style:parent-style-name="Default"><style:table-cell-properties style:text-align-source="value-type" style:repeat-content="false" fo:wrap-option="no-wrap" style:direction="ltr" style:rotation-angle="0" style:rotation-align="none" style:shrink-to-fit="false" style:vertical-align="bottom" loext:vertical-justify="auto"/><style:paragraph-properties css3t:text-justify="auto" fo:margin-left="0pt" style:writing-mode="page"/><style:text-properties style:use-window-font-color="true" style:text-outline="false" style:text-line-through-style="none" style:text-line-through-type="none" style:font-name="Cambria" fo:font-size="11pt" fo:font-style="normal" fo:text-shadow="none" style:text-underline-style="none" fo:font-weight="normal" style:font-size-asian="11pt" style:font-style-asian="normal" style:font-weight-asian="normal" style:font-size-complex="11pt" style:font-style-complex="normal" style:font-weight-complex="normal"/></style:style></office:automatic-styles><office:body><office:spreadsheet><table:calculation-settings table:case-sensitive="false" table:automatic-find-labels="false" table:use-regular-expressions="false" table:use-wildcards="true"><table:iteration table:maximum-difference="0.0001"/></table:calculation-settings><table:table table:name="Sheet1" table:style-name="ta1"><office:forms form:automatic-focus="false" form:apply-design-mode="false"/><table:table-column table:style-name="co1" table:default-cell-style-name="Default"/><table:table-column table:style-name="co2" table:number-columns-repeated="8" table:default-cell-style-name="Default"/><table:table-column table:style-name="co3" table:default-cell-style-name="Default"/><table:table-column table:style-name="co2" table:number-columns-repeated="16" table:default-cell-style-name="Default"/><table:table-column table:style-name="co4" table:number-columns-repeated="998" table:default-cell-style-name="Default"/><table:table-row table:style-name="ro1"><table:table-cell table:style-name="ce1"/><table:table-cell table:style-name="ce4"/><table:table-cell table:style-name="ce4" office:value-type="float" office:value="1" calcext:value-type="float"><text:p>1</text:p></table:table-cell><table:table-cell table:style-name="ce4" office:value-type="float" office:value="2" calcext:value-type="float"><text:p>2</text:p></table:table-cell><table:table-cell table:style-name="ce4" office:value-type="float" office:value="3" calcext:value-type="float"><text:p>3</text:p></table:table-cell><table:table-cell table:style-name="ce4" office:value-type="float" office:value="4" calcext:value-type="float"><text:p>4</text:p></table:table-cell><table:table-cell table:style-name="ce4" office:value-type="float" office:value="5" calcext:value-type="float"><text:p>5</text:p></table:table-cell><table:table-cell table:style-name="ce4" office:value-type="float" office:value="6" calcext:value-type="float"><text:p>6</text:p></table:table-cell><table:table-cell table:style-name="ce4" office:value-type="float" office:value="7" calcext:value-type="float"><text:p>7</text:p></table:table-cell><table:table-cell table:style-name="ce4" office:value-type="float" office:value="8" calcext:value-type="float"><text:p>8</text:p></table:table-cell><table:table-cell table:style-name="ce4" office:value-type="float" office:value="9" calcext:value-type="float"><text:p>9</text:p></table:table-cell><table:table-cell table:style-name="ce4" office:value-type="float" office:value="10" calcext:value-type="float"><text:p>10</text:p></table:table-cell><table:table-cell table:style-name="ce4" office:value-type="float" office:value="11" calcext:value-type="float"><text:p>11</text:p></table:table-cell><table:table-cell table:style-name="ce4" office:value-type="float" office:value="12" calcext:value-type="float"><text:p>12</text:p></table:table-cell><table:table-cell table:style-name="ce4" office:value-type="float" office:value="13" calcext:value-type="float"><text:p>13</text:p></table:table-cell><table:table-cell table:style-name="ce4" office:value-type="float" office:value="14" calcext:value-type="float"><text:p>14</text:p></table:table-cell><table:table-cell table:style-name="ce4" office:value-type="float" office:value="15" calcext:value-type="float"><text:p>15</text:p></table:table-cell><table:table-cell table:style-name="ce4" office:value-type="float" office:value="16" calcext:value-type="float"><text:p>16</text:p></table:table-cell><table:table-cell table:style-name="ce4" office:value-type="float" office:value="17" calcext:value-type="float"><text:p>17</text:p></table:table-cell><table:table-cell table:style-name="ce4" office:value-type="float" office:value="18" calcext:value-type="float"><text:p>18</text:p></table:table-cell><table:table-cell table:style-name="ce4" office:value-type="float" office:value="19" calcext:value-type="float"><text:p>19</text:p></table:table-cell><table:table-cell table:style-name="ce8"/><table:table-cell table:style-name="ce8" office:value-type="string" calcext:value-type="string"><text:p>64 bits machine</text:p></table:table-cell><table:table-cell table:style-name="ce8" table:number-columns-repeated="3"/><table:table-cell table:number-columns-repeated="998"/></table:table-row><table:table-row table:style-name="ro1"><table:table-cell table:style-name="ce2" office:value-type="string" calcext:value-type="string"><text:p>Variable</text:p></table:table-cell><table:table-cell table:style-name="ce5" table:number-columns-repeated="20"/><table:table-cell/><table:table-cell table:style-name="ce8"/><table:table-cell table:number-columns-repeated="1001"/></table:table-row><table:table-row table:style-name="ro1"><table:table-cell table:style-name="ce3" office:value-type="string" calcext:value-type="string"><text:p>Value</text:p></table:table-cell><table:table-cell table:number-columns-repeated="20" table:style-name="ce6" office:value-type="string" calcext:value-type="string"><text:p>?</text:p></table:table-cell><table:table-cell table:number-columns-repeated="1003"/></table:table-row><table:table-row table:style-name="ro1"><table:table-cell/><table:table-cell table:style-name="ce5" table:number-columns-repeated="20"/><table:table-cell table:number-columns-repeated="1003"/></table:table-row><table:table-row table:style-name="ro1"><table:table-cell table:style-name="ce2" office:value-type="string" calcext:value-type="string"><text:p>Address</text:p></table:table-cell><table:table-cell table:style-name="ce7" office:value-type="float" office:value="20" calcext:value-type="float"><text:p>20</text:p></table:table-cell><table:table-cell table:style-name="ce7" office:value-type="float" office:value="21" calcext:value-type="float"><text:p>21</text:p></table:table-cell><table:table-cell table:style-name="ce7" office:value-type="float" office:value="22" calcext:value-type="float"><text:p>22</text:p></table:table-cell><table:table-cell table:style-name="ce7" office:value-type="float" office:value="23" calcext:value-type="float"><text:p>23</text:p></table:table-cell><table:table-cell table:style-name="ce7" office:value-type="float" office:value="24" calcext:value-type="float"><text:p>24</text:p></table:table-cell><table:table-cell table:style-name="ce7" office:value-type="float" office:value="25" calcext:value-type="float"><text:p>25</text:p></table:table-cell><table:table-cell table:style-name="ce7" office:value-type="float" office:value="26" calcext:value-type="float"><text:p>26</text:p></table:table-cell><table:table-cell table:style-name="ce7" office:value-type="float" office:value="27" calcext:value-type="float"><text:p>27</text:p></table:table-cell><table:table-cell table:style-name="ce7" office:value-type="float" office:value="28" calcext:value-type="float"><text:p>28</text:p></table:table-cell><table:table-cell table:style-name="ce7" office:value-type="float" office:value="29" calcext:value-type="float"><text:p>29</text:p></table:table-cell><table:table-cell table:style-name="ce7" office:value-type="float" office:value="30" calcext:value-type="float"><text:p>30</text:p></table:table-cell><table:table-cell table:style-name="ce7" office:value-type="float" office:value="31" calcext:value-type="float"><text:p>31</text:p></table:table-cell><table:table-cell table:style-name="ce7" office:value-type="float" office:value="32" calcext:value-type="float"><text:p>32</text:p></table:table-cell><table:table-cell table:style-name="ce7" office:value-type="float" office:value="33" calcext:value-type="float"><text:p>33</text:p></table:table-cell><table:table-cell table:style-name="ce7" office:value-type="float" office:value="34" calcext:value-type="float"><text:p>34</text:p></table:table-cell><table:table-cell table:style-name="ce7" office:value-type="float" office:value="35" calcext:value-type="float"><text:p>35</text:p></table:table-cell><table:table-cell table:style-name="ce7" office:value-type="float" office:value="36" calcext:value-type="float"><text:p>36</text:p></table:table-cell><table:table-cell table:style-name="ce7" office:value-type="float" office:value="37" calcext:value-type="float"><text:p>37</text:p></table:table-cell><table:table-cell table:style-name="ce7" office:value-type="float" office:value="38" calcext:value-type="float"><text:p>38</text:p></table:table-cell><table:table-cell table:style-name="ce7" office:value-type="float" office:value="39" calcext:value-type="float"><text:p>39</text:p></table:table-cell><table:table-cell table:style-name="ce8" table:number-columns-repeated="2"/><table:table-cell table:number-columns-repeated="1001"/></table:table-row><table:table-row table:style-name="ro1"><table:table-cell table:style-name="ce2" office:value-type="string" calcext:value-type="string"><text:p>Variable</text:p></table:table-cell><table:table-cell table:style-name="ce5" table:number-columns-repeated="20"/><table:table-cell table:number-columns-repeated="1003"/></table:table-row><table:table-row table:style-name="ro1"><table:table-cell table:style-name="ce3" office:value-type="string" calcext:value-type="string"><text:p>Value</text:p></table:table-cell><table:table-cell table:number-columns-repeated="20" table:style-name="ce6" office:value-type="string" calcext:value-type="string"><text:p>?</text:p></table:table-cell><table:table-cell table:number-columns-repeated="1003"/></table:table-row><table:table-row table:style-name="ro1"><table:table-cell/><table:table-cell table:style-name="ce5" table:number-columns-repeated="20"/><table:table-cell table:number-columns-repeated="1003"/></table:table-row><table:table-row table:style-name="ro1"><table:table-cell table:style-name="ce2" office:value-type="string" calcext:value-type="string"><text:p>Address</text:p></table:table-cell><table:table-cell table:style-name="ce7" office:value-type="float" office:value="40" calcext:value-type="float"><text:p>40</text:p></table:table-cell><table:table-cell table:style-name="ce7" office:value-type="float" office:value="41" calcext:value-type="float"><text:p>41</text:p></table:table-cell><table:table-cell table:style-name="ce7" office:value-type="float" office:value="42" calcext:value-type="float"><text:p>42</text:p></table:table-cell><table:table-cell table:style-name="ce7" office:value-type="float" office:value="43" calcext:value-type="float"><text:p>43</text:p></table:table-cell><table:table-cell table:style-name="ce7" office:value-type="float" office:value="44" calcext:value-type="float"><text:p>44</text:p></table:table-cell><table:table-cell table:style-name="ce7" office:value-type="float" office:value="45" calcext:value-type="float"><text:p>45</text:p></table:table-cell><table:table-cell table:style-name="ce7" office:value-type="float" office:value="46" calcext:value-type="float"><text:p>46</text:p></table:table-cell><table:table-cell table:style-name="ce7" office:value-type="float" office:value="47" calcext:value-type="float"><text:p>47</text:p></table:table-cell><table:table-cell table:style-name="ce7" office:value-type="float" office:value="48" calcext:value-type="float"><text:p>48</text:p></table:table-cell><table:table-cell table:style-name="ce7" office:value-type="float" office:value="49" calcext:value-type="float"><text:p>49</text:p></table:table-cell><table:table-cell table:style-name="ce7" office:value-type="float" office:value="50" calcext:value-type="float"><text:p>50</text:p></table:table-cell><table:table-cell table:style-name="ce7" office:value-type="float" office:value="51" calcext:value-type="float"><text:p>51</text:p></table:table-cell><table:table-cell table:style-name="ce7" office:value-type="float" office:value="52" calcext:value-type="float"><text:p>52</text:p></table:table-cell><table:table-cell table:style-name="ce7" office:value-type="float" office:value="53" calcext:value-type="float"><text:p>53</text:p></table:table-cell><table:table-cell table:style-name="ce7" office:value-type="float" office:value="54" calcext:value-type="float"><text:p>54</text:p></table:table-cell><table:table-cell table:style-name="ce7" office:value-type="float" office:value="55" calcext:value-type="float"><text:p>55</text:p></table:table-cell><table:table-cell table:style-name="ce7" office:value-type="float" office:value="56" calcext:value-type="float"><text:p>56</text:p></table:table-cell><table:table-cell table:style-name="ce7" office:value-type="float" office:value="57" calcext:value-type="float"><text:p>57</text:p></table:table-cell><table:table-cell table:style-name="ce7" office:value-type="float" office:value="58" calcext:value-type="float"><text:p>58</text:p></table:table-cell><table:table-cell table:style-name="ce7" office:value-type="float" office:value="59" calcext:value-type="float"><text:p>59</text:p></table:table-cell><table:table-cell table:number-columns-repeated="1003"/></table:table-row><table:table-row table:style-name="ro1"><table:table-cell table:style-name="ce2" office:value-type="string" calcext:value-type="string"><text:p>Variable</text:p></table:table-cell><table:table-cell table:style-name="ce5" table:number-columns-repeated="20"/><table:table-cell table:number-columns-repeated="1003"/></table:table-row><table:table-row table:style-name="ro1"><table:table-cell table:style-name="ce3" office:value-type="string" calcext:value-type="string"><text:p>Value</text:p></table:table-cell><table:table-cell table:number-columns-repeated="20" table:style-name="ce6" office:value-type="string" calcext:value-type="string"><text:p>?</text:p></table:table-cell><table:table-cell table:number-columns-repeated="1003"/></table:table-row><table:table-row table:style-name="ro1"><table:table-cell/><table:table-cell table:style-name="ce5" table:number-columns-repeated="20"/><table:table-cell table:number-columns-repeated="1003"/></table:table-row><table:table-row table:style-name="ro1"><table:table-cell table:style-name="ce2" office:value-type="string" calcext:value-type="string"><text:p>Address</text:p></table:table-cell><table:table-cell table:style-name="ce7" office:value-type="float" office:value="60" calcext:value-type="float"><text:p>60</text:p></table:table-cell><table:table-cell table:style-name="ce7" office:value-type="float" office:value="61" calcext:value-type="float"><text:p>61</text:p></table:table-cell><table:table-cell table:style-name="ce7" office:value-type="float" office:value="62" calcext:value-type="float"><text:p>62</text:p></table:table-cell><table:table-cell table:style-name="ce7" office:value-type="float" office:value="63" calcext:value-type="float"><text:p>63</text:p></table:table-cell><table:table-cell table:style-name="ce7" office:value-type="float" office:value="64" calcext:value-type="float"><text:p>64</text:p></table:table-cell><table:table-cell table:style-name="ce7" office:value-type="float" office:value="65" calcext:value-type="float"><text:p>65</text:p></table:table-cell><table:table-cell table:style-name="ce7" office:value-type="float" office:value="66" calcext:value-type="float"><text:p>66</text:p></table:table-cell><table:table-cell table:style-name="ce7" office:value-type="float" office:value="67" calcext:value-type="float"><text:p>67</text:p></table:table-cell><table:table-cell table:style-name="ce7" office:value-type="float" office:value="68" calcext:value-type="float"><text:p>68</text:p></table:table-cell><table:table-cell table:style-name="ce7" office:value-type="float" office:value="69" calcext:value-type="float"><text:p>69</text:p></table:table-cell><table:table-cell table:style-name="ce7" office:value-type="float" office:value="70" calcext:value-type="float"><text:p>70</text:p></table:table-cell><table:table-cell table:style-name="ce7" office:value-type="float" office:value="71" calcext:value-type="float"><text:p>71</text:p></table:table-cell><table:table-cell table:style-name="ce7" office:value-type="float" office:value="72" calcext:value-type="float"><text:p>72</text:p></table:table-cell><table:table-cell table:style-name="ce7" office:value-type="float" office:value="73" calcext:value-type="float"><text:p>73</text:p></table:table-cell><table:table-cell table:style-name="ce7" office:value-type="float" office:value="74" calcext:value-type="float"><text:p>74</text:p></table:table-cell><table:table-cell table:style-name="ce7" office:value-type="float" office:value="75" calcext:value-type="float"><text:p>75</text:p></table:table-cell><table:table-cell table:style-name="ce7" office:value-type="float" office:value="76" calcext:value-type="float"><text:p>76</text:p></table:table-cell><table:table-cell table:style-name="ce7" office:value-type="float" office:value="77" calcext:value-type="float"><text:p>77</text:p></table:table-cell><table:table-cell table:style-name="ce7" office:value-type="float" office:value="78" calcext:value-type="float"><text:p>78</text:p></table:table-cell><table:table-cell table:style-name="ce7" office:value-type="float" office:value="79" calcext:value-type="float"><text:p>79</text:p></table:table-cell><table:table-cell table:number-columns-repeated="1003"/></table:table-row><table:table-row table:style-name="ro1"><table:table-cell table:style-name="ce2" office:value-type="string" calcext:value-type="string"><text:p>Variable</text:p></table:table-cell><table:table-cell table:style-name="ce5" table:number-columns-repeated="20"/><table:table-cell table:number-columns-repeated="1003"/></table:table-row><table:table-row table:style-name="ro1"><table:table-cell table:style-name="ce3" office:value-type="string" calcext:value-type="string"><text:p>Value</text:p></table:table-cell><table:table-cell table:number-columns-repeated="20" table:style-name="ce6" office:value-type="string" calcext:value-type="string"><text:p>?</text:p></table:table-cell><table:table-cell table:number-columns-repeated="1003"/></table:table-row><table:table-row table:style-name="ro1"><table:table-cell/><table:table-cell table:style-name="ce5" table:number-columns-repeated="20"/><table:table-cell table:number-columns-repeated="1003"/></table:table-row><table:table-row table:style-name="ro1"><table:table-cell table:style-name="ce2" office:value-type="string" calcext:value-type="string"><text:p>Address</text:p></table:table-cell><table:table-cell table:style-name="ce7" office:value-type="float" office:value="80" calcext:value-type="float"><text:p>80</text:p></table:table-cell><table:table-cell table:style-name="ce7" office:value-type="float" office:value="81" calcext:value-type="float"><text:p>81</text:p></table:table-cell><table:table-cell table:style-name="ce7" office:value-type="float" office:value="82" calcext:value-type="float"><text:p>82</text:p></table:table-cell><table:table-cell table:style-name="ce7" office:value-type="float" office:value="83" calcext:value-type="float"><text:p>83</text:p></table:table-cell><table:table-cell table:style-name="ce7" office:value-type="float" office:value="84" calcext:value-type="float"><text:p>84</text:p></table:table-cell><table:table-cell table:style-name="ce7" office:value-type="float" office:value="85" calcext:value-type="float"><text:p>85</text:p></table:table-cell><table:table-cell table:style-name="ce7" office:value-type="float" office:value="86" calcext:value-type="float"><text:p>86</text:p></table:table-cell><table:table-cell table:style-name="ce7" office:value-type="float" office:value="87" calcext:value-type="float"><text:p>87</text:p></table:table-cell><table:table-cell table:style-name="ce7" office:value-type="float" office:value="88" calcext:value-type="float"><text:p>88</text:p></table:table-cell><table:table-cell table:style-name="ce7" office:value-type="float" office:value="89" calcext:value-type="float"><text:p>89</text:p></table:table-cell><table:table-cell table:style-name="ce7" office:value-type="float" office:value="90" calcext:value-type="float"><text:p>90</text:p></table:table-cell><table:table-cell table:style-name="ce7" office:value-type="float" office:value="91" calcext:value-type="float"><text:p>91</text:p></table:table-cell><table:table-cell table:style-name="ce7" office:value-type="float" office:value="92" calcext:value-type="float"><text:p>92</text:p></table:table-cell><table:table-cell table:style-name="ce7" office:value-type="float" office:value="93" calcext:value-type="float"><text:p>93</text:p></table:table-cell><table:table-cell table:style-name="ce7" office:value-type="float" office:value="94" calcext:value-type="float"><text:p>94</text:p></table:table-cell><table:table-cell table:style-name="ce7" office:value-type="float" office:value="95" calcext:value-type="float"><text:p>95</text:p></table:table-cell><table:table-cell table:style-name="ce7" office:value-type="float" office:value="96" calcext:value-type="float"><text:p>96</text:p></table:table-cell><table:table-cell table:style-name="ce7" office:value-type="float" office:value="97" calcext:value-type="float"><text:p>97</text:p></table:table-cell><table:table-cell table:style-name="ce7" office:value-type="float" office:value="98" calcext:value-type="float"><text:p>98</text:p></table:table-cell><table:table-cell table:style-name="ce7" office:value-type="float" office:value="99" calcext:value-type="float"><text:p>99</text:p></table:table-cell><table:table-cell table:number-columns-repeated="1003"/></table:table-row><table:table-row table:style-name="ro1"><table:table-cell table:style-name="ce2" office:value-type="string" calcext:value-type="string"><text:p>Variable</text:p></table:table-cell><table:table-cell table:style-name="ce5" table:number-columns-repeated="20"/><table:table-cell table:number-columns-repeated="1003"/></table:table-row><table:table-row table:style-name="ro1"><table:table-cell table:style-name="ce3" office:value-type="string" calcext:value-type="string"><text:p>Value</text:p></table:table-cell><table:table-cell table:number-columns-repeated="20" table:style-name="ce6" office:value-type="string" calcext:value-type="string"><text:p>?</text:p></table:table-cell><table:table-cell table:number-columns-repeated="1003"/></table:table-row><table:table-row table:style-name="ro1"><table:table-cell/><table:table-cell table:style-name="ce5" table:number-columns-repeated="20"/><table:table-cell table:number-columns-repeated="1003"/></table:table-row><table:table-row table:style-name="ro1"><table:table-cell table:style-name="ce2" office:value-type="string" calcext:value-type="string"><text:p>Address</text:p></table:table-cell><table:table-cell table:style-name="ce7" office:value-type="float" office:value="100" calcext:value-type="float"><text:p>100</text:p></table:table-cell><table:table-cell table:style-name="ce7" office:value-type="float" office:value="101" calcext:value-type="float"><text:p>101</text:p></table:table-cell><table:table-cell table:style-name="ce7" office:value-type="float" office:value="102" calcext:value-type="float"><text:p>102</text:p></table:table-cell><table:table-cell table:style-name="ce7" office:value-type="float" office:value="103" calcext:value-type="float"><text:p>103</text:p></table:table-cell><table:table-cell table:style-name="ce7" office:value-type="float" office:value="104" calcext:value-type="float"><text:p>104</text:p></table:table-cell><table:table-cell table:style-name="ce7" office:value-type="float" office:value="105" calcext:value-type="float"><text:p>105</text:p></table:table-cell><table:table-cell table:style-name="ce7" office:value-type="float" office:value="106" calcext:value-type="float"><text:p>106</text:p></table:table-cell><table:table-cell table:style-name="ce7" office:value-type="float" office:value="107" calcext:value-type="float"><text:p>107</text:p></table:table-cell><table:table-cell table:style-name="ce7" office:value-type="float" office:value="108" calcext:value-type="float"><text:p>108</text:p></table:table-cell><table:table-cell table:style-name="ce7" office:value-type="float" office:value="109" calcext:value-type="float"><text:p>109</text:p></table:table-cell><table:table-cell table:style-name="ce7" office:value-type="float" office:value="110" calcext:value-type="float"><text:p>110</text:p></table:table-cell><table:table-cell table:style-name="ce7" office:value-type="float" office:value="111" calcext:value-type="float"><text:p>111</text:p></table:table-cell><table:table-cell table:style-name="ce7" office:value-type="float" office:value="112" calcext:value-type="float"><text:p>112</text:p></table:table-cell><table:table-cell table:style-name="ce7" office:value-type="float" office:value="113" calcext:value-type="float"><text:p>113</text:p></table:table-cell><table:table-cell table:style-name="ce7" office:value-type="float" office:value="114" calcext:value-type="float"><text:p>114</text:p></table:table-cell><table:table-cell table:style-name="ce7" office:value-type="float" office:value="115" calcext:value-type="float"><text:p>115</text:p></table:table-cell><table:table-cell table:style-name="ce7" office:value-type="float" office:value="116" calcext:value-type="float"><text:p>116</text:p></table:table-cell><table:table-cell table:style-name="ce7" office:value-type="float" office:value="117" calcext:value-type="float"><text:p>117</text:p></table:table-cell><table:table-cell table:style-name="ce7" office:value-type="float" office:value="118" calcext:value-type="float"><text:p>118</text:p></table:table-cell><table:table-cell table:style-name="ce7" office:value-type="float" office:value="119" calcext:value-type="float"><text:p>119</text:p></table:table-cell><table:table-cell table:number-columns-repeated="1003"/></table:table-row><table:table-row table:style-name="ro1"><table:table-cell table:style-name="ce2" office:value-type="string" calcext:value-type="string"><text:p>Variable</text:p></table:table-cell><table:table-cell table:style-name="ce5" table:number-columns-repeated="20"/><table:table-cell table:number-columns-repeated="1003"/></table:table-row><table:table-row table:style-name="ro1"><table:table-cell table:style-name="ce3" office:value-type="string" calcext:value-type="string"><text:p>Value</text:p></table:table-cell><table:table-cell table:number-columns-repeated="20" table:style-name="ce6" office:value-type="string" calcext:value-type="string"><text:p>?</text:p></table:table-cell><table:table-cell table:number-columns-repeated="1003"/></table:table-row><table:table-row table:style-name="ro1"><table:table-cell/><table:table-cell table:style-name="ce5" table:number-columns-repeated="20"/><table:table-cell table:number-columns-repeated="1003"/></table:table-row><table:table-row table:style-name="ro1"><table:table-cell table:style-name="ce2" office:value-type="string" calcext:value-type="string"><text:p>Address</text:p></table:table-cell><table:table-cell table:style-name="ce7" office:value-type="float" office:value="120" calcext:value-type="float"><text:p>120</text:p></table:table-cell><table:table-cell table:style-name="ce7" office:value-type="float" office:value="121" calcext:value-type="float"><text:p>121</text:p></table:table-cell><table:table-cell table:style-name="ce7" office:value-type="float" office:value="122" calcext:value-type="float"><text:p>122</text:p></table:table-cell><table:table-cell table:style-name="ce7" office:value-type="float" office:value="123" calcext:value-type="float"><text:p>123</text:p></table:table-cell><table:table-cell table:style-name="ce7" office:value-type="float" office:value="124" calcext:value-type="float"><text:p>124</text:p></table:table-cell><table:table-cell table:style-name="ce7" office:value-type="float" office:value="125" calcext:value-type="float"><text:p>125</text:p></table:table-cell><table:table-cell table:style-name="ce7" office:value-type="float" office:value="126" calcext:value-type="float"><text:p>126</text:p></table:table-cell><table:table-cell table:style-name="ce7" office:value-type="float" office:value="127" calcext:value-type="float"><text:p>127</text:p></table:table-cell><table:table-cell table:style-name="ce7" office:value-type="float" office:value="128" calcext:value-type="float"><text:p>128</text:p></table:table-cell><table:table-cell table:style-name="ce7" office:value-type="float" office:value="129" calcext:value-type="float"><text:p>129</text:p></table:table-cell><table:table-cell table:style-name="ce7" office:value-type="float" office:value="130" calcext:value-type="float"><text:p>130</text:p></table:table-cell><table:table-cell table:style-name="ce7" office:value-type="float" office:value="131" calcext:value-type="float"><text:p>131</text:p></table:table-cell><table:table-cell table:style-name="ce7" office:value-type="float" office:value="132" calcext:value-type="float"><text:p>132</text:p></table:table-cell><table:table-cell table:style-name="ce7" office:value-type="float" office:value="133" calcext:value-type="float"><text:p>133</text:p></table:table-cell><table:table-cell table:style-name="ce7" office:value-type="float" office:value="134" calcext:value-type="float"><text:p>134</text:p></table:table-cell><table:table-cell table:style-name="ce7" office:value-type="float" office:value="135" calcext:value-type="float"><text:p>135</text:p></table:table-cell><table:table-cell table:style-name="ce7" office:value-type="float" office:value="136" calcext:value-type="float"><text:p>136</text:p></table:table-cell><table:table-cell table:style-name="ce7" office:value-type="float" office:value="137" calcext:value-type="float"><text:p>137</text:p></table:table-cell><table:table-cell table:style-name="ce7" office:value-type="float" office:value="138" calcext:value-type="float"><text:p>138</text:p></table:table-cell><table:table-cell table:style-name="ce7" office:value-type="float" office:value="139" calcext:value-type="float"><text:p>139</text:p></table:table-cell><table:table-cell table:number-columns-repeated="1003"/></table:table-row><table:table-row table:style-name="ro1"><table:table-cell table:style-name="ce2" office:value-type="string" calcext:value-type="string"><text:p>Variable</text:p></table:table-cell><table:table-cell table:style-name="ce5" table:number-columns-repeated="20"/><table:table-cell table:number-columns-repeated="1003"/></table:table-row><table:table-row table:style-name="ro1"><table:table-cell table:style-name="ce3" office:value-type="string" calcext:value-type="string"><text:p>Value</text:p></table:table-cell><table:table-cell table:number-columns-repeated="20" table:style-name="ce6" office:value-type="string" calcext:value-type="string"><text:p>?</text:p></table:table-cell><table:table-cell table:number-columns-repeated="1003"/></table:table-row><table:table-row table:style-name="ro2" table:number-rows-repeated="1048548"><table:table-cell table:number-columns-repeated="1024"/></table:table-row><table:table-row table:style-name="ro2"><table:table-cell table:number-columns-repeated="1024"/></table:table-row></table:table><table:named-expressions/></office:spreadsheet></office:body></office:document-content>